Likes,Feature,Value
139441,val1,2752
139441,val2,5091
139441,val3,178
139441,val4,109
139441,val5,159
139441,val6,3078
139441,val7,1640
139441,val8,119
139441,val1,10460
139441,val2,19057
139441,val3,1457
139441,val4,1361
139441,val5,1674
139441,val6,11710
139441,val7,6112
139441,val8,1108
139441,val1,2413
139441,val2,4373
139441,val3,177
139441,val4,113
139441,val5,154
139441,val6,2812
139441,val7,1503
139441,val8,132
139441,val1,50128
139441,val2,87991
139441,val3,2211
139441,val4,790
139441,val5,1119
139441,val6,61027
139441,val7,32048
139441,val8,1386
139441,val1,7244
139441,val2,13594
139441,val3,671
139441,val4,410
139441,val5,580
139441,val6,6228
139441,val7,3200
139441,val8,396
139441,val1,10472
139441,val2,20849
139441,val3,1191
139441,val4,1073
139441,val5,1389
139441,val6,16034
139441,val7,7852
139441,val8,1016
139441,val1,11692
139441,val2,19479
139441,val3,481
139441,val4,265
139441,val5,364
139441,val6,15432
139441,val7,9328
139441,val8,379
139441,val1,13720
139441,val2,24137
139441,val3,537
139441,val4,232
139441,val5,305
139441,val6,19728
139441,val7,11056
139441,val8,422
139441,val1,11844
139441,val2,22538
139441,val3,1530
139441,val4,1407
139441,val5,1692
139441,val6,15220
139441,val7,7912
139441,val8,1250
139441,val1,4694
139441,val2,8668
139441,val3,280
139441,val4,183
139441,val5,250
139441,val6,4309
139441,val7,2324
139441,val8,199
139441,val1,21744
139441,val2,42334
139441,val3,4258
139441,val4,4100
139441,val5,4540
139441,val6,37849
139441,val7,18952
139441,val8,3798
139441,val1,3112
139441,val2,5590
139441,val3,208
139441,val4,127
139441,val5,145
139441,val6,3887
139441,val7,2174
139441,val8,165
139441,val1,2847
139441,val2,5133
139441,val3,193
139441,val4,115
139441,val5,133
139441,val6,3779
139441,val7,2072
139441,val8,152
139441,val1,2549
139441,val2,4896
139441,val3,249
139441,val4,134
139441,val5,168
139441,val6,3631
139441,val7,1917
139441,val8,183
138414,val1,22784
138414,val2,39941
138414,val3,887
138414,val4,337
138414,val5,417
138414,val6,34415
138414,val7,19312
138414,val8,684
138414,val1,10060
138414,val2,19680
138414,val3,1264
138414,val4,1209
138414,val5,1425
138414,val6,17272
138414,val7,8548
138414,val8,1162
138414,val1,1722
138414,val2,2981
138414,val3,163
138414,val4,123
138414,val5,148
138414,val6,1868
138414,val7,1050
138414,val8,123
138414,val1,53264
138414,val2,111785
138414,val3,1706
138414,val4,1103
138414,val5,1655
138414,val6,92512
138414,val7,39776
138414,val8,1307
138414,val1,3930
138414,val2,7509
138414,val3,130
138414,val4,86
138414,val5,112
138414,val6,5009
138414,val7,2410
138414,val8,101
138414,val1,1591
138414,val2,2825
138414,val3,121
138414,val4,88
138414,val5,111
138414,val6,2116
138414,val7,1161
138414,val8,100
138414,val1,2848
138414,val2,5066
138414,val3,200
138414,val4,142
138414,val5,184
138414,val6,3561
138414,val7,1963
138414,val8,157
138414,val1,1384
138414,val2,2467
138414,val3,15
138414,val4,15
138414,val5,20
138414,val6,2196
138414,val7,1172
138414,val8,15
138414,val1,3454
138414,val2,6853
138414,val3,118
138414,val4,104
138414,val5,130
138414,val6,6282
138414,val7,3100
138414,val8,106
138414,val1,2723
138414,val2,4888
138414,val3,176
138414,val4,118
138414,val5,143
138414,val6,2964
138414,val7,1621
138414,val8,143
138414,val1,8488
138414,val2,15294
138414,val3,1341
138414,val4,1270
138414,val5,1489
138414,val6,9684
138414,val7,5244
138414,val8,995
138458,val1,8284
138458,val2,15104
138458,val3,1521
138458,val4,1462
138458,val5,1711
138458,val6,10266
138458,val7,5372
138458,val8,1200
138458,val1,19552
138458,val2,34143
138458,val3,2806
138458,val4,2531
138458,val5,3420
138458,val6,17748
138458,val7,9824
138458,val8,1779
138458,val1,2478
138458,val2,4306
138458,val3,212
138458,val4,124
138458,val5,149
138458,val6,2612
138458,val7,1443
138458,val8,166
138895,val1,9560
138895,val2,18264
138895,val3,973
138895,val4,559
138895,val5,885
138895,val6,9217
138895,val7,4748
138895,val8,621
138895,val1,36208
138895,val2,61262
138895,val3,1141
138895,val4,1068
138895,val5,1728
138895,val6,30131
138895,val7,14112
138895,val8,559
138895,val1,4940
138895,val2,9390
138895,val3,385
138895,val4,306
138895,val5,501
138895,val6,5860
138895,val7,2930
138895,val8,273
138895,val1,1683
138895,val2,2929
138895,val3,192
138895,val4,171
138895,val5,221
138895,val6,1585
138895,val7,858
138895,val8,131
138895,val1,5280
138895,val2,9578
138895,val3,368
138895,val4,237
138895,val5,345
138895,val6,4480
138895,val7,2422
138895,val8,268
138895,val1,3002
138895,val2,5318
138895,val3,268
138895,val4,185
138895,val5,247
138895,val6,3039
138895,val7,1676
138895,val8,194
138895,val1,3766
138895,val2,7149
138895,val3,298
138895,val4,260
138895,val5,431
138895,val6,5782
138895,val7,2938
138895,val8,244
138895,val1,4512
138895,val2,7808
138895,val3,423
138895,val4,284
138895,val5,431
138895,val6,5183
138895,val7,2954
138895,val8,316
138895,val1,2690
138895,val2,4628
138895,val3,252
138895,val4,168
138895,val5,226
138895,val6,3052
138895,val7,1727
138895,val8,199
138895,val1,19800
138895,val2,28663
138895,val3,479
138895,val4,424
138895,val5,805
138895,val6,5187
138895,val7,2752
138895,val8,248
138895,val1,17576
138895,val2,33058
138895,val3,5352
138895,val4,5202
138895,val5,6547
138895,val6,23135
138895,val7,11792
138895,val8,4104
138895,val1,3290
138895,val2,6085
138895,val3,306
138895,val4,284
138895,val5,402
138895,val6,4986
138895,val7,2584
138895,val8,247
138895,val1,13280
138895,val2,24198
138895,val3,2055
138895,val4,1912
138895,val5,2720
138895,val6,17627
138895,val7,9344
138895,val8,1716
138895,val1,18480
138895,val2,28438
138895,val3,517
138895,val4,366
138895,val5,460
138895,val6,12078
138895,val7,6752
138895,val8,319
138353,val1,7268
138353,val2,13989
138353,val3,2087
138353,val4,2079
138353,val5,12074
138353,val6,13544
138353,val7,7096
138353,val8,1975
138353,val1,2645
138353,val2,4270
138353,val3,134
138353,val4,109
138353,val5,170
138353,val6,2330
138353,val7,1377
138353,val8,101
138353,val1,4284
138353,val2,8387
138353,val3,355
138353,val4,316
138353,val5,513
138353,val6,7283
138353,val7,3634
138353,val8,291
138353,val1,7968
138353,val2,13023
138353,val3,206
138353,val4,158
138353,val5,223
138353,val6,6734
138353,val7,3492
138353,val8,138
138353,val1,16576
138353,val2,30612
138353,val3,3572
138353,val4,3464
138353,val5,4802
138353,val6,24363
138353,val7,12888
138353,val8,3014
138353,val1,1925
138353,val2,3481
138353,val3,97
138353,val4,83
138353,val5,126
138353,val6,2307
138353,val7,1180
138353,val8,77
138353,val1,3786
138353,val2,7329
138353,val3,338
138353,val4,283
138353,val5,450
138353,val6,6336
138353,val7,3216
138353,val8,280
138353,val1,1536
138353,val2,3094
138353,val3,84
138353,val4,76
138353,val5,99
138353,val6,2903
138353,val7,1407
138353,val8,76
138353,val1,1728
138353,val2,3155
138353,val3,108
138353,val4,65
138353,val5,95
138353,val6,2313
138353,val7,1232
138353,val8,77
138329,val1,25248
138329,val2,40125
138329,val3,726
138329,val4,467
138329,val5,863
138329,val6,16132
138329,val7,8608
138329,val8,451
138329,val1,4894
138329,val2,8899
138329,val3,355
138329,val4,181
138329,val5,264
138329,val6,4914
138329,val7,2712
138329,val8,246
138329,val1,2935
138329,val2,5439
138329,val3,237
138329,val4,182
138329,val5,401
138329,val6,3901
138329,val7,2044
138329,val8,201
138329,val1,2425
138329,val2,4462
138329,val3,260
138329,val4,213
138329,val5,433
138329,val6,3017
138329,val7,1510
138329,val8,175
138329,val1,16416
138329,val2,31950
138329,val3,459
138329,val4,411
138329,val5,539
138329,val6,21436
138329,val7,9568
138329,val8,363
138329,val1,5812
138329,val2,10465
138329,val3,343
138329,val4,204
138329,val5,301
138329,val6,4976
138329,val7,2764
138329,val8,240
138329,val1,2545
138329,val2,4846
138329,val3,165
138329,val4,131
138329,val5,167
138329,val6,3675
138329,val7,1901
138329,val8,134
138329,val1,2257
138329,val2,4372
138329,val3,230
138329,val4,173
138329,val5,327
138329,val6,3188
138329,val7,1557
138329,val8,168
138329,val1,27072
138329,val2,84885
138329,val3,421
138329,val4,304
138329,val5,487
138329,val6,35637
138329,val7,9712
138329,val8,263
138185,val1,10940
138185,val2,27951
138185,val3,417
138185,val4,335
138185,val5,591
138185,val6,15066
138185,val7,5100
138185,val8,319
138185,val1,50912
138185,val2,164528
138185,val3,630
138185,val4,513
138185,val5,952
138185,val6,54653
138185,val7,12704
138185,val8,346
138185,val1,28752
138185,val2,47358
138185,val3,802
138185,val4,654
138185,val5,1268
138185,val6,14091
138185,val7,7456
138185,val8,408
138185,val1,27216
138185,val2,81908
138185,val3,541
138185,val4,335
138185,val5,540
138185,val6,26869
138185,val7,7760
138185,val8,315
138185,val1,2352
138185,val2,5234
138185,val3,232
138185,val4,182
138185,val5,258
138185,val6,4101
138185,val7,1761
138185,val8,181
138185,val1,3416
138185,val2,6167
138185,val3,356
138185,val4,298
138185,val5,641
138185,val6,4530
138185,val7,2388
138185,val8,280
138185,val1,2149
138185,val2,4120
138185,val3,197
138185,val4,156
138185,val5,219
138185,val6,3302
138185,val7,1640
138185,val8,161
138185,val1,53456
138185,val2,93790
138185,val3,1576
138185,val4,995
138185,val5,1469
138185,val6,32646
138185,val7,14912
138185,val8,884
138185,val1,2168
138185,val2,3891
138185,val3,211
138185,val4,168
138185,val5,202
138185,val6,2873
138185,val7,1539
138185,val8,171
137893,val1,3102
137893,val2,5939
137893,val3,360
137893,val4,288
137893,val5,512
137893,val6,3537
137893,val7,1780
137893,val8,275
137893,val1,39344
137893,val2,103050
137893,val3,588
137893,val4,460
137893,val5,695
137893,val6,39304
137893,val7,11392
137893,val8,336
137893,val1,100768
137893,val2,220447
137893,val3,2101
137893,val4,1735
137893,val5,2331
137893,val6,59658
137893,val7,18880
137893,val8,885
137893,val1,9056
137893,val2,16362
137893,val3,1006
137893,val4,847
137893,val5,1153
137893,val6,9562
137893,val7,5180
137893,val8,740
137893,val1,11444
137893,val2,46054
137893,val3,555
137893,val4,418
137893,val5,717
137893,val6,13737
137893,val7,4320
137893,val8,438
137893,val1,13544
137893,val2,30235
137893,val3,517
137893,val4,458
137893,val5,667
137893,val6,26622
137893,val7,11760
137893,val8,447
137893,val1,37376
137893,val2,68610
137893,val3,1150
137893,val4,808
137893,val5,1341
137893,val6,22100
137893,val7,10880
137893,val8,724
137893,val1,1228
137893,val2,2392
137893,val3,17
137893,val4,17
137893,val5,19
137893,val6,2392
137893,val7,1228
137893,val8,17
137177,val1,22984
137177,val2,59040
137177,val3,438
137177,val4,374
137177,val5,542
137177,val6,12716
137177,val7,4968
137177,val8,262
137177,val1,1445
137177,val2,2774
137177,val3,217
137177,val4,167
137177,val5,211
137177,val6,1924
137177,val7,1005
137177,val8,154
137177,val1,3754
137177,val2,8533
137177,val3,658
137177,val4,640
137177,val5,2085
137177,val6,6838
137177,val7,3224
137177,val8,598
137177,val1,8728
137177,val2,17827
137177,val3,2295
137177,val4,2235
137177,val5,2828
137177,val6,15418
137177,val7,7344
137177,val8,2099
137177,val1,5990
137177,val2,11123
137177,val3,657
137177,val4,361
137177,val5,512
137177,val6,5057
137177,val7,2628
137177,val8,428
137177,val1,4582
137177,val2,9193
137177,val3,454
137177,val4,306
137177,val5,431
137177,val6,3691
137177,val7,1722
137177,val8,305
137177,val1,2938
137177,val2,5799
137177,val3,321
137177,val4,243
137177,val5,379
137177,val6,3668
137177,val7,1848
137177,val8,236
137177,val1,6692
137177,val2,13092
137177,val3,199
137177,val4,108
137177,val5,141
137177,val6,7549
137177,val7,3336
137177,val8,156
137177,val1,2566
137177,val2,5244
137177,val3,384
137177,val4,280
137177,val5,469
137177,val6,3834
137177,val7,1806
137177,val8,266
137177,val1,21176
137177,val2,54779
137177,val3,330
137177,val4,228
137177,val5,329
137177,val6,13858
137177,val7,5248
137177,val8,185
137177,val1,4012
137177,val2,7955
137177,val3,550
137177,val4,319
137177,val5,477
137177,val6,4625
137177,val7,2218
137177,val8,403
137177,val1,1531
137177,val2,2838
137177,val3,212
137177,val4,189
137177,val5,1359
137177,val6,1210
137177,val7,690
137177,val8,143
137059,val1,2938
137059,val2,6056
137059,val3,374
137059,val4,283
137059,val5,483
137059,val6,4509
137059,val7,2078
137059,val8,287
137059,val1,24720
137059,val2,37240
137059,val3,845
137059,val4,564
137059,val5,850
137059,val6,14475
137059,val7,8120
137059,val8,504
137059,val1,2219
137059,val2,4545
137059,val3,287
137059,val4,220
137059,val5,329
137059,val6,3189
137059,val7,1495
137059,val8,221
137059,val1,4732
137059,val2,9303
137059,val3,607
137059,val4,352
137059,val5,518
137059,val6,6201
137059,val7,3136
137059,val8,445
137059,val1,2225
137059,val2,4239
137059,val3,310
137059,val4,216
137059,val5,289
137059,val6,2570
137059,val7,1389
137059,val8,233
137059,val1,2626
137059,val2,4943
137059,val3,316
137059,val4,213
137059,val5,299
137059,val6,3047
137059,val7,1605
137059,val8,244
137059,val1,3090
137059,val2,5744
137059,val3,391
137059,val4,257
137059,val5,360
137059,val6,3521
137059,val7,1796
137059,val8,293
137059,val1,1101
137059,val2,2548
137059,val3,324
137059,val4,287
137059,val5,2418
137059,val6,1284
137059,val7,704
137059,val8,220
137059,val1,2819
137059,val2,5230
137059,val3,318
137059,val4,218
137059,val5,303
137059,val6,3128
137059,val7,1622
137059,val8,240
137020,val1,12468
137020,val2,24917
137020,val3,2143
137020,val4,1966
137020,val5,2576
137020,val6,15850
137020,val7,7636
137020,val8,1661
137020,val1,12776
137020,val2,21893
137020,val3,785
137020,val4,539
137020,val5,881
137020,val6,13272
137020,val7,7800
137020,val8,575
137020,val1,1357
137020,val2,2453
137020,val3,37
137020,val4,37
137020,val5,55
137020,val6,2154
137020,val7,1120
137020,val8,32
137020,val1,68896
137020,val2,104952
137020,val3,2624
137020,val4,1326
137020,val5,1952
137020,val6,35707
137020,val7,19840
137020,val8,1354
137020,val1,1711
137020,val2,3174
137020,val3,288
137020,val4,245
137020,val5,339
137020,val6,2226
137020,val7,1118
137020,val8,205
137020,val1,1388
137020,val2,2544
137020,val3,224
137020,val4,219
137020,val5,931
137020,val6,2161
137020,val7,1214
137020,val8,172
137020,val1,2645
137020,val2,5472
137020,val3,357
137020,val4,315
137020,val5,482
137020,val6,4485
137020,val7,2101
137020,val8,265
137020,val1,70144
137020,val2,111745
137020,val3,3216
137020,val4,2628
137020,val5,4782
137020,val6,43671
137020,val7,20608
137020,val8,1542
137020,val1,3674
137020,val2,7221
137020,val3,452
137020,val4,330
137020,val5,487
137020,val6,3832
137020,val7,1890
137020,val8,328
136736,val1,9504
136736,val2,19556
136736,val3,1132
136736,val4,1032
136736,val5,1512
136736,val6,16018
136736,val7,7616
136736,val8,981
136736,val1,2426
136736,val2,4469
136736,val3,320
136736,val4,237
136736,val5,325
136736,val6,3120
136736,val7,1684
136736,val8,248
136736,val1,13872
136736,val2,27468
136736,val3,2664
136736,val4,2570
136736,val5,3395
136736,val6,20198
136736,val7,10432
136736,val8,2252
136736,val1,1673
136736,val2,3655
136736,val3,338
136736,val4,324
136736,val5,1619
136736,val6,2598
136736,val7,1469
136736,val8,268
136736,val1,1261
136736,val2,2158
136736,val3,37
136736,val4,37
136736,val5,49
136736,val6,1911
136736,val7,1077
136736,val8,33
136736,val1,2428
136736,val2,4510
136736,val3,311
136736,val4,238
136736,val5,323
136736,val6,2888
136736,val7,1560
136736,val8,236
136642,val1,2227
136642,val2,4070
136642,val3,369
136642,val4,314
136642,val5,430
136642,val6,3227
136642,val7,1702
136642,val8,306
136642,val1,1592
136642,val2,2749
136642,val3,370
136642,val4,356
136642,val5,414
136642,val6,2551
136642,val7,1454
136642,val8,327
136642,val1,813
136642,val2,1568
136642,val3,323
136642,val4,319
136642,val5,387
136642,val6,1402
136642,val7,695
136642,val8,280
136642,val1,32208
136642,val2,57472
136642,val3,1810
136642,val4,1490
136642,val5,2286
136642,val6,56149
136642,val7,31648
136642,val8,1724
136642,val1,729
136642,val2,1374
136642,val3,303
136642,val4,298
136642,val5,331
136642,val6,1284
136642,val7,650
136642,val8,262
136642,val1,834
136642,val2,1570
136642,val3,399
136642,val4,392
136642,val5,510
136642,val6,1390
136642,val7,704
136642,val8,351
136393,val1,786
136393,val2,1573
136393,val3,263
136393,val4,257
136393,val5,318
136393,val6,1401
136393,val7,660
136393,val8,222
136393,val1,584
136393,val2,1029
136393,val3,273
136393,val4,271
136393,val5,308
136393,val6,943
136393,val7,511
136393,val8,232
136393,val1,15816
136393,val2,30514
136393,val3,2733
136393,val4,2654
136393,val5,3289
136393,val6,23584
136393,val7,11912
136393,val8,2361
136393,val1,619
136393,val2,1096
136393,val3,257
136393,val4,254
136393,val5,292
136393,val6,951
136393,val7,516
136393,val8,217
136393,val1,617
136393,val2,1071
136393,val3,229
136393,val4,223
136393,val5,265
136393,val6,935
136393,val7,521
136393,val8,191
136393,val1,677
136393,val2,1285
136393,val3,251
136393,val4,246
136393,val5,297
136393,val6,1210
136393,val7,615
136393,val8,211
136393,val1,677
136393,val2,1240
136393,val3,236
136393,val4,228
136393,val5,264
136393,val6,1098
136393,val7,580
136393,val8,196
136393,val1,3366
136393,val2,6647
136393,val3,474
136393,val4,345
136393,val5,495
136393,val6,3180
136393,val7,1674
136393,val8,385
136393,val1,747
136393,val2,1443
136393,val3,226
136393,val4,220
136393,val5,287
136393,val6,1252
136393,val7,632
136393,val8,194
136393,val1,645
136393,val2,1117
136393,val3,195
136393,val4,192
136393,val5,224
136393,val6,989
136393,val7,554
136393,val8,166
136393,val1,754
136393,val2,1510
136393,val3,206
136393,val4,205
136393,val5,252
136393,val6,1430
136393,val7,690
136393,val8,175
136393,val1,910
136393,val2,1673
136393,val3,207
136393,val4,201
136393,val5,247
136393,val6,1503
136393,val7,782
136393,val8,176
136393,val1,3906
136393,val2,8239
136393,val3,868
136393,val4,863
136393,val5,2632
136393,val6,7736
136393,val7,3768
136393,val8,774
136393,val1,659
136393,val2,1158
136393,val3,199
136393,val4,194
136393,val5,239
136393,val6,1041
136393,val7,576
136393,val8,169
136393,val1,652
136393,val2,1331
136393,val3,214
136393,val4,206
136393,val5,249
136393,val6,1249
136393,val7,588
136393,val8,182
136393,val1,861
136393,val2,1565
136393,val3,214
136393,val4,192
136393,val5,239
136393,val6,1351
136393,val7,717
136393,val8,180
136393,val1,3690
136393,val2,7659
136393,val3,424
136393,val4,388
136393,val5,644
136393,val6,6951
136393,val7,3290
136393,val8,377
136393,val1,4664
136393,val2,9463
136393,val3,204
136393,val4,182
136393,val5,251
136393,val6,7196
136393,val7,3324
136393,val8,173
136013,val1,1080
136013,val2,2427
136013,val3,210
136013,val4,189
136013,val5,249
136013,val6,2195
136013,val7,934
136013,val8,184
136013,val1,8896
136013,val2,17202
136013,val3,1480
136013,val4,1426
136013,val5,1932
136013,val6,13838
136013,val7,7020
136013,val8,1292
136013,val1,4018
136013,val2,8617
136013,val3,428
136013,val4,374
136013,val5,616
136013,val6,6677
136013,val7,2992
136013,val8,351
136013,val1,68992
136013,val2,229733
136013,val3,1032
136013,val4,975
136013,val5,1345
136013,val6,17842
136013,val7,8032
136013,val8,635
136013,val1,13152
136013,val2,25666
136013,val3,2543
136013,val4,2438
136013,val5,3179
136013,val6,20547
136013,val7,10280
136013,val8,2278
136013,val1,31136
136013,val2,59964
136013,val3,6164
136013,val4,5934
136013,val5,9237
136013,val6,35977
136013,val7,18048
136013,val8,4376
136013,val1,16776
136013,val2,39549
136013,val3,714
136013,val4,440
136013,val5,720
136013,val6,11860
136013,val7,6200
136013,val8,590
136013,val1,50736
136013,val2,140432
136013,val3,1462
136013,val4,1450
136013,val5,8308
136013,val6,46252
136013,val7,15552
136013,val8,1275
136013,val1,5324
136013,val2,11040
136013,val3,528
136013,val4,483
136013,val5,861
136013,val6,8627
136013,val7,4054
136013,val8,448
136013,val1,18120
136013,val2,44940
136013,val3,421
136013,val4,282
136013,val5,463
136013,val6,4401
136013,val7,2616
136013,val8,327
135713,val1,2291
135713,val2,3960
135713,val3,303
135713,val4,243
135713,val5,325
135713,val6,3020
135713,val7,1723
135713,val8,253
135713,val1,10744
135713,val2,20691
135713,val3,1967
135713,val4,1877
135713,val5,2201
135713,val6,17502
135713,val7,8964
135713,val8,1834
135713,val1,3616
135713,val2,6887
135713,val3,111
135713,val4,90
135713,val5,118
135713,val6,4263
135713,val7,2138
135713,val8,93
135713,val1,39984
135713,val2,112830
135713,val3,2105
135713,val4,1921
135713,val5,3932
135713,val6,70249
135713,val7,21328
135713,val8,1609
135713,val1,4010
135713,val2,7444
135713,val3,477
135713,val4,370
135713,val5,534
135713,val6,4406
135713,val7,2362
135713,val8,354
135713,val1,6564
135713,val2,12097
135713,val3,806
135713,val4,602
135713,val5,957
135713,val6,7682
135713,val7,4024
135713,val8,563
135713,val1,8612
135713,val2,20151
135713,val3,813
135713,val4,727
135713,val5,1390
135713,val6,16890
135713,val7,7208
135713,val8,630
135713,val1,5568
135713,val2,10282
135713,val3,746
135713,val4,545
135713,val5,867
135713,val6,5696
135713,val7,3162
135713,val8,537
135700,val1,1685
135700,val2,2999
135700,val3,322
135700,val4,295
135700,val5,424
135700,val6,1794
135700,val7,953
135700,val8,237
135700,val1,3756
135700,val2,7094
135700,val3,469
135700,val4,408
135700,val5,613
135700,val6,4935
135700,val7,2556
135700,val8,365
135700,val1,2656
135700,val2,4862
135700,val3,390
135700,val4,309
135700,val5,445
135700,val6,3273
135700,val7,1722
135700,val8,309
135700,val1,5086
135700,val2,9493
135700,val3,622
135700,val4,509
135700,val5,757
135700,val6,6200
135700,val7,3298
135700,val8,489
135617,val1,2055
135617,val2,3915
135617,val3,346
135617,val4,288
135617,val5,412
135617,val6,2970
135617,val7,1507
135617,val8,277
135617,val1,9384
135617,val2,14948
135617,val3,757
135617,val4,452
135617,val5,652
135617,val6,11148
135617,val7,7020
135617,val8,604
135617,val1,3992
135617,val2,7255
135617,val3,598
135617,val4,447
135617,val5,688
135617,val6,4428
135617,val7,2420
135617,val8,435
135617,val1,7512
135617,val2,13633
135617,val3,769
135617,val4,614
135617,val5,951
135617,val6,5503
135617,val7,3260
135617,val8,530
135617,val1,11096
135617,val2,21080
135617,val3,1843
135617,val4,1724
135617,val5,2106
135617,val6,16095
135617,val7,8120
135617,val8,1604
135428,val1,1060
135428,val2,2004
135428,val3,266
135428,val4,251
135428,val5,337
135428,val6,1705
135428,val7,870
135428,val8,204
135428,val1,2790
135428,val2,4879
135428,val3,435
135428,val4,360
135428,val5,513
135428,val6,3501
135428,val7,1999
135428,val8,351
135428,val1,13856
135428,val2,37716
135428,val3,519
135428,val4,450
135428,val5,672
135428,val6,26832
135428,val7,9064
135428,val8,389
135428,val1,10748
135428,val2,19724
135428,val3,892
135428,val4,498
135428,val5,719
135428,val6,13674
135428,val7,7624
135428,val8,704
135428,val1,41984
135428,val2,68290
135428,val3,3370
135428,val4,2420
135428,val5,4074
135428,val6,34802
135428,val7,20928
135428,val8,2126
135428,val1,2522
135428,val2,4583
135428,val3,455
135428,val4,390
135428,val5,547
135428,val6,3031
135428,val7,1674
135428,val8,333
135195,val1,4480
135195,val2,8039
135195,val3,572
135195,val4,430
135195,val5,599
135195,val6,5014
135195,val7,2704
135195,val8,416
135195,val1,1543
135195,val2,2874
135195,val3,360
135195,val4,334
135195,val5,463
135195,val6,2373
135195,val7,1228
135195,val8,267
135195,val1,21256
135195,val2,41906
135195,val3,4840
135195,val4,4754
135195,val5,5906
135195,val6,35455
135195,val7,17592
135195,val8,4318
135195,val1,4484
135195,val2,7829
135195,val3,545
135195,val4,424
135195,val5,629
135195,val6,4208
135195,val7,2412
135195,val8,382
135195,val1,4398
135195,val2,8105
135195,val3,584
135195,val4,446
135195,val5,669
135195,val6,4799
135195,val7,2616
135195,val8,431
135195,val1,13216
135195,val2,24738
135195,val3,2675
135195,val4,2584
135195,val5,2969
135195,val6,19599
135195,val7,10232
135195,val8,2342
135195,val1,22304
135195,val2,37159
135195,val3,1805
135195,val4,984
135195,val5,1618
135195,val6,22864
135195,val7,13304
135195,val8,1349
135195,val1,6208
135195,val2,10830
135195,val3,644
135195,val4,473
135195,val5,678
135195,val6,6866
135195,val7,4016
135195,val8,495
135195,val1,4518
135195,val2,8533
135195,val3,626
135195,val4,482
135195,val5,729
135195,val6,4215
135195,val7,2254
135195,val8,439
135195,val1,3582
135195,val2,6518
135195,val3,537
135195,val4,430
135195,val5,597
135195,val6,3857
135195,val7,2124
135195,val8,404
134879,val1,9124
134879,val2,17776
134879,val3,1476
134879,val4,1397
134879,val5,1797
134879,val6,13887
134879,val7,7092
134879,val8,1331
134879,val1,14152
134879,val2,38806
134879,val3,631
134879,val4,549
134879,val5,836
134879,val6,19409
134879,val7,6632
134879,val8,404
134879,val1,4260
134879,val2,7989
134879,val3,588
134879,val4,435
134879,val5,622
134879,val6,4578
134879,val7,2432
134879,val8,436
134879,val1,30624
134879,val2,56950
134879,val3,2080
134879,val4,1956
134879,val5,3253
134879,val6,32033
134879,val7,15744
134879,val8,1376
134879,val1,2363
134879,val2,4223
134879,val3,393
134879,val4,348
134879,val5,476
134879,val6,3332
134879,val7,1788
134879,val8,297
134879,val1,2232
134879,val2,4005
134879,val3,374
134879,val4,335
134879,val5,458
134879,val6,3247
134879,val7,1740
134879,val8,278
134879,val1,4048
134879,val2,7217
134879,val3,544
134879,val4,405
134879,val5,602
134879,val6,4046
134879,val7,2280
134879,val8,368
134879,val1,1804
134879,val2,2968
134879,val3,330
134879,val4,280
134879,val5,352
134879,val6,2293
134879,val7,1354
134879,val8,234
134879,val1,2351
134879,val2,4028
134879,val3,371
134879,val4,298
134879,val5,392
134879,val6,3112
134879,val7,1791
134879,val8,288
133679,val1,3100
133679,val2,5388
133679,val3,518
133679,val4,422
133679,val5,609
133679,val6,3927
133679,val7,2274
133679,val8,367
133679,val1,2360
133679,val2,4004
133679,val3,436
133679,val4,365
133679,val5,486
133679,val6,2757
133679,val7,1603
133679,val8,300
133679,val1,19648
133679,val2,33643
133679,val3,1359
133679,val4,695
133679,val5,990
133679,val6,24034
133679,val7,13528
133679,val8,1020
133679,val1,2295
133679,val2,3721
133679,val3,377
133679,val4,324
133679,val5,402
133679,val6,3121
133679,val7,1882
133679,val8,269
133594,val1,3934
133594,val2,6330
133594,val3,512
133594,val4,437
133594,val5,599
133594,val6,5010
133594,val7,3082
133594,val8,384
133594,val1,34512
133594,val2,76659
133594,val3,1666
133594,val4,1333
133594,val5,1977
133594,val6,54860
133594,val7,22816
133594,val8,1278
133594,val1,5282
133594,val2,8730
133594,val3,703
133594,val4,530
133594,val5,772
133594,val6,5123
133594,val7,3244
133594,val8,470
133594,val1,1809
133594,val2,3130
133594,val3,399
133594,val4,359
133594,val5,494
133594,val6,2541
133594,val7,1435
133594,val8,289
133594,val1,1920
133594,val2,3124
133594,val3,365
133594,val4,331
133594,val5,428
133594,val6,2541
133594,val7,1519
133594,val8,251
133451,val1,1954
133451,val2,3530
133451,val3,356
133451,val4,333
133451,val5,443
133451,val6,3295
133451,val7,1772
133451,val8,252
132817,val1,33536
132817,val2,64850
132817,val3,1954
132817,val4,1016
132817,val5,1678
132817,val6,50076
132817,val7,24448
132817,val8,1564
132817,val1,4204
132817,val2,7191
132817,val3,498
132817,val4,408
132817,val5,596
132817,val6,5161
132817,val7,2974
132817,val8,387
132817,val1,3376
132817,val2,6557
132817,val3,428
132817,val4,409
132817,val5,631
132817,val6,5700
132817,val7,2806
132817,val8,331
132817,val1,9236
132817,val2,16054
132817,val3,1151
132817,val4,1130
132817,val5,1560
132817,val6,14014
132817,val7,7880
132817,val8,1075
132817,val1,72864
132817,val2,205934
132817,val3,946
132817,val4,759
132817,val5,1158
132817,val6,122474
132817,val7,30912
132817,val8,646
132817,val1,3358
132817,val2,5682
132817,val3,394
132817,val4,323
132817,val5,523
132817,val6,4200
132817,val7,2426
132817,val8,298
132201,val1,3254
132201,val2,5644
132201,val3,371
132201,val4,344
132201,val5,513
132201,val6,5069
132201,val7,2846
132201,val8,283
132201,val1,50640
132201,val2,121234
132201,val3,2240
132201,val4,1577
132201,val5,2779
132201,val6,92348
132201,val7,34880
132201,val8,1790
132201,val1,3734
132201,val2,6218
132201,val3,529
132201,val4,434
132201,val5,794
132201,val6,4831
132201,val7,2868
132201,val8,389
132201,val1,2594
132201,val2,4220
132201,val3,347
132201,val4,315
132201,val5,529
132201,val6,3418
132201,val7,2067
132201,val8,248
132201,val1,2232
132201,val2,3772
132201,val3,376
132201,val4,322
132201,val5,440
132201,val6,2205
132201,val7,1306
132201,val8,257
132201,val1,22120
132201,val2,54734
132201,val3,979
132201,val4,906
132201,val5,1751
132201,val6,46700
132201,val7,17528
132201,val8,796
132201,val1,7980
132201,val2,12978
132201,val3,630
132201,val4,398
132201,val5,521
132201,val6,9342
132201,val7,5372
132201,val8,467
132201,val1,1659
132201,val2,2845
132201,val3,345
132201,val4,321
132201,val5,424
132201,val6,1604
132201,val7,915
132201,val8,239
132201,val1,1006
132201,val2,1594
132201,val3,277
132201,val4,268
132201,val5,354
132201,val6,1055
132201,val7,651
132201,val8,187
132201,val1,12728
132201,val2,21685
132201,val3,844
132201,val4,461
132201,val5,683
132201,val6,15779
132201,val7,8844
132201,val8,657
131956,val1,28880
131956,val2,64746
131956,val3,1062
131956,val4,991
131956,val5,1971
131956,val6,40181
131956,val7,15808
131956,val8,740
131956,val1,1330
131956,val2,2327
131956,val3,363
131956,val4,351
131956,val5,433
131956,val6,1475
131956,val7,827
131956,val8,230
131956,val1,14424
131956,val2,26000
131956,val3,304
131956,val4,286
131956,val5,383
131956,val6,25539
131956,val7,14056
131956,val8,291
131956,val1,14200
131956,val2,26728
131956,val3,1393
131956,val4,1354
131956,val5,3214
131956,val6,25610
131956,val7,13376
131956,val8,1233
131956,val1,5746
131956,val2,9874
131956,val3,769
131956,val4,632
131956,val5,1063
131956,val6,7407
131956,val7,4288
131956,val8,584
131956,val1,2540
131956,val2,4372
131956,val3,389
131956,val4,330
131956,val5,458
131956,val6,3655
131956,val7,2063
131956,val8,279
131956,val1,4324
131956,val2,7241
131956,val3,548
131956,val4,431
131956,val5,676
131956,val6,4972
131956,val7,3008
131956,val8,401
131808,val1,8260
131808,val2,14305
131808,val3,997
131808,val4,953
131808,val5,1211
131808,val6,12905
131808,val7,7360
131808,val8,956
131808,val1,20168
131808,val2,35904
131808,val3,3370
131808,val4,3244
131808,val5,5106
131808,val6,26881
131808,val7,15056
131808,val8,2806
131808,val1,5046
131808,val2,9084
131808,val3,528
131808,val4,477
131808,val5,906
131808,val6,7723
131808,val7,4184
131808,val8,421
131808,val1,15296
131808,val2,25269
131808,val3,2827
131808,val4,2781
131808,val5,3627
131808,val6,22103
131808,val7,13296
131808,val8,2602
131728,val1,3414
131728,val2,6369
131728,val3,473
131728,val4,342
131728,val5,525
131728,val6,4518
131728,val7,2390
131728,val8,360
131728,val1,95424
131728,val2,252207
131728,val3,699
131728,val4,575
131728,val5,882
131728,val6,78287
131728,val7,22016
131728,val8,417
131728,val1,14824
131728,val2,21863
131728,val3,868
131728,val4,591
131728,val5,966
131728,val6,13498
131728,val7,8560
131728,val8,650
131630,val1,3504
131630,val2,5699
131630,val3,444
131630,val4,374
131630,val5,497
131630,val6,4487
131630,val7,2730
131630,val8,348
131630,val1,2822
131630,val2,5058
131630,val3,424
131630,val4,351
131630,val5,486
131630,val6,3681
131630,val7,2020
131630,val8,327
131630,val1,2973
131630,val2,5063
131630,val3,356
131630,val4,297
131630,val5,415
131630,val6,3764
131630,val7,2208
131630,val8,266
131630,val1,10824
131630,val2,20573
131630,val3,135
131630,val4,126
131630,val5,153
131630,val6,20030
131630,val7,10384
131630,val8,126
131630,val1,4592
131630,val2,6691
131630,val3,320
131630,val4,289
131630,val5,423
131630,val6,3238
131630,val7,2100
131630,val8,222
131630,val1,3176
131630,val2,5278
131630,val3,372
131630,val4,319
131630,val5,577
131630,val6,3993
131630,val7,2426
131630,val8,279
131300,val1,10956
131300,val2,19279
131300,val3,128
131300,val4,119
131300,val5,130
131300,val6,18838
131300,val7,10564
131300,val8,123
131300,val1,10888
131300,val2,19744
131300,val3,913
131300,val4,783
131300,val5,1370
131300,val6,14425
131300,val7,8048
131300,val8,722
131300,val1,3594
131300,val2,6316
131300,val3,424
131300,val4,354
131300,val5,530
131300,val6,4319
131300,val7,2468
131300,val8,309
131300,val1,3384
131300,val2,6166
131300,val3,451
131300,val4,395
131300,val5,561
131300,val6,4708
131300,val7,2508
131300,val8,344
130791,val1,4096
130791,val2,7200
130791,val3,487
130791,val4,406
130791,val5,723
130791,val6,4911
130791,val7,2826
130791,val8,355
130791,val1,19968
130791,val2,35161
130791,val3,1016
130791,val4,592
130791,val5,909
130791,val6,26701
130791,val7,14792
130791,val8,757
130791,val1,4892
130791,val2,8499
130791,val3,536
130791,val4,460
130791,val5,721
130791,val6,7389
130791,val7,4206
130791,val8,428
130791,val1,17360
130791,val2,33613
130791,val3,2573
130791,val4,2448
130791,val5,6017
130791,val6,23338
130791,val7,11800
130791,val8,1905
130791,val1,21872
130791,val2,40413
130791,val3,3872
130791,val4,3822
130791,val5,7327
130791,val6,24667
130791,val7,12920
130791,val8,2218
130791,val1,180480
130791,val2,319133
130791,val3,8072
130791,val4,4010
130791,val5,6242
130791,val6,108752
130791,val7,51456
130791,val8,3316
130791,val1,44464
130791,val2,66824
130791,val3,1052
130791,val4,930
130791,val5,1571
130791,val6,22904
130791,val7,14080
130791,val8,559
130791,val1,2881
130791,val2,5188
130791,val3,550
130791,val4,503
130791,val5,730
130791,val6,3840
130791,val7,2040
130791,val8,323
129600,val1,3460
129600,val2,6503
129600,val3,541
129600,val4,482
129600,val5,667
129600,val6,4371
129600,val7,2260
129600,val8,314
129600,val1,3406
129600,val2,5656
129600,val3,571
129600,val4,512
129600,val5,731
129600,val6,4446
129600,val7,2598
129600,val8,355
129600,val1,2602
129600,val2,4349
129600,val3,479
129600,val4,444
129600,val5,588
129600,val6,3342
129600,val7,1946
129600,val8,287
129600,val1,5848
129600,val2,9068
129600,val3,622
129600,val4,570
129600,val5,795
129600,val6,6651
129600,val7,4212
129600,val8,383
129600,val1,26944
129600,val2,43464
129600,val3,877
129600,val4,740
129600,val5,1097
129600,val6,20270
129600,val7,10208
129600,val8,563
129600,val1,5292
129600,val2,9321
129600,val3,756
129600,val4,646
129600,val5,1033
129600,val6,5867
129600,val7,3404
129600,val8,516
129600,val1,15576
129600,val2,27513
129600,val3,2417
129600,val4,2327
129600,val5,3098
129600,val6,19078
129600,val7,10840
129600,val8,1839
129600,val1,54256
129600,val2,82011
129600,val3,1620
129600,val4,963
129600,val5,1419
129600,val6,42128
129600,val7,24224
129600,val8,977
129600,val1,3726
129600,val2,6372
129600,val3,602
129600,val4,574
129600,val5,785
129600,val6,4760
129600,val7,2852
129600,val8,399
129600,val1,31904
129600,val2,50539
129600,val3,863
129600,val4,770
129600,val5,1106
129600,val6,24010
129600,val7,12992
129600,val8,583
129600,val1,40336
129600,val2,65309
129600,val3,1407
129600,val4,1330
129600,val5,2251
129600,val6,27771
129600,val7,14848
129600,val8,907
129600,val1,4220
129600,val2,7774
129600,val3,685
129600,val4,597
129600,val5,838
129600,val6,4404
129600,val7,2326
129600,val8,407
129600,val1,4666
129600,val2,8360
129600,val3,729
129600,val4,648
129600,val5,1014
129600,val6,5010
129600,val7,2818
129600,val8,459
129600,val1,4274
129600,val2,7948
129600,val3,701
129600,val4,638
129600,val5,1020
129600,val6,5936
129600,val7,3164
129600,val8,460
129600,val1,28208
129600,val2,41650
129600,val3,964
129600,val4,827
129600,val5,1237
129600,val6,18035
129600,val7,11120
129600,val8,636
128032,val1,3330
128032,val2,5461
128032,val3,513
128032,val4,478
128032,val5,652
128032,val6,3675
128032,val7,2196
128032,val8,307
128032,val1,3528
128032,val2,5918
128032,val3,550
128032,val4,513
128032,val5,787
128032,val6,4606
128032,val7,2660
128032,val8,360
128032,val1,38576
128032,val2,55398
128032,val3,1355
128032,val4,890
128032,val5,1328
128032,val6,17365
128032,val7,12624
128032,val8,827
128032,val1,2628
128032,val2,4264
128032,val3,528
128032,val4,503
128032,val5,652
128032,val6,3086
128032,val7,1846
128032,val8,328
128032,val1,7232
128032,val2,12735
128032,val3,758
128032,val4,700
128032,val5,1236
128032,val6,8855
128032,val7,4712
128032,val8,471
128032,val1,10188
128032,val2,16978
128032,val3,1473
128032,val4,1441
128032,val5,2136
128032,val6,14450
128032,val7,8536
128032,val8,1395
128032,val1,6408
128032,val2,11881
128032,val3,909
128032,val4,861
128032,val5,14974
128032,val6,7243
128032,val7,4040
128032,val8,490
128032,val1,3414
128032,val2,6050
128032,val3,515
128032,val4,493
128032,val5,710
128032,val6,5005
128032,val7,2704
128032,val8,340
128032,val1,53056
128032,val2,65260
128032,val3,2003
128032,val4,1412
128032,val5,2089
128032,val6,23679
128032,val7,17104
128032,val8,975
128032,val1,66976
128032,val2,111502
128032,val3,1191
128032,val4,1054
128032,val5,1641
128032,val6,40203
128032,val7,19968
128032,val8,708
127082,val1,76096
127082,val2,94644
127082,val3,2889
127082,val4,2495
127082,val5,4596
127082,val6,31096
127082,val7,19744
127082,val8,1276
126424,val1,5458
126424,val2,9098
126424,val3,1007
126424,val4,933
126424,val5,1181
126424,val6,5307
126424,val7,3204
126424,val8,537
126424,val1,3706
126424,val2,6194
126424,val3,895
126424,val4,884
126424,val5,1173
126424,val6,4700
126424,val7,2726
126424,val8,493
126424,val1,18320
126424,val2,31448
126424,val3,3742
126424,val4,3682
126424,val5,7854
126424,val6,25584
126424,val7,14920
126424,val8,3300
126424,val1,2316
126424,val2,3611
126424,val3,722
126424,val4,716
126424,val5,862
126424,val6,2545
126424,val7,1529
126424,val8,372
126424,val1,139008
126424,val2,277100
126424,val3,1779
126424,val4,1643
126424,val5,2356
126424,val6,107502
126424,val7,38720
126424,val8,1008
126345,val1,5854
126345,val2,11854
126345,val3,1043
126345,val4,947
126345,val5,19779
126345,val6,5901
126345,val7,2894
126345,val8,583
126345,val1,109056
126345,val2,191324
126345,val3,2552
126345,val4,2457
126345,val5,4906
126345,val6,48765
126345,val7,25024
126345,val8,1353
126345,val1,3212
126345,val2,4908
126345,val3,735
126345,val4,720
126345,val5,897
126345,val6,3399
126345,val7,2162
126345,val8,375
126345,val1,3046
126345,val2,4909
126345,val3,909
126345,val4,872
126345,val5,1147
126345,val6,3559
126345,val7,2126
126345,val8,477
126345,val1,12044
126345,val2,20327
126345,val3,2240
126345,val4,2193
126345,val5,3599
126345,val6,17717
126345,val7,10400
126345,val8,2119
126141,val1,9652
126141,val2,16968
126141,val3,1400
126141,val4,1381
126141,val5,2801
126141,val6,15917
126141,val7,8972
126141,val8,1035
126141,val1,28112
126141,val2,47721
126141,val3,1631
126141,val4,1537
126141,val5,2438
126141,val6,41207
126141,val7,23440
126141,val8,1225
126141,val1,8628
126141,val2,14847
126141,val3,870
126141,val4,843
126141,val5,1692
126141,val6,11970
126141,val7,6796
126141,val8,774
126141,val1,2431
126141,val2,4180
126141,val3,389
126141,val4,383
126141,val5,7980
126141,val6,3963
126141,val7,2301
126141,val8,342
126141,val1,20560
126141,val2,24112
126141,val3,936
126141,val4,860
126141,val5,1126
126141,val6,5648
126141,val7,3856
126141,val8,460
126141,val1,20896
126141,val2,29062
126141,val3,1418
126141,val4,1038
126141,val5,2048
126141,val6,19738
126141,val7,13656
126141,val8,998
125612,val1,2402
125612,val2,4072
125612,val3,170
125612,val4,145
125612,val5,286
125612,val6,3147
125612,val7,1794
125612,val8,137
125612,val1,1729
125612,val2,3289
125612,val3,596
125612,val4,591
125612,val5,735
125612,val6,2888
125612,val7,1406
125612,val8,340
125612,val1,4320
125612,val2,7127
125612,val3,753
125612,val4,681
125612,val5,1021
125612,val6,4569
125612,val7,2782
125612,val8,459
125612,val1,2585
125612,val2,4410
125612,val3,569
125612,val4,560
125612,val5,781
125612,val6,3802
125612,val7,2144
125612,val8,348
125612,val1,3322
125612,val2,5969
125612,val3,610
125612,val4,569
125612,val5,852
125612,val6,4111
125612,val7,2236
125612,val8,375
125612,val1,3600
125612,val2,5807
125612,val3,691
125612,val4,656
125612,val5,913
125612,val6,3351
125612,val7,2110
125612,val8,436
125612,val1,11620
125612,val2,21564
125612,val3,1160
125612,val4,1138
125612,val5,2042
125612,val6,20024
125612,val7,10568
125612,val8,920
125612,val1,4248
125612,val2,7004
125612,val3,724
125612,val4,671
125612,val5,920
125612,val6,5063
125612,val7,3114
125612,val8,501
125612,val1,2763
125612,val2,4388
125612,val3,564
125612,val4,523
125612,val5,650
125612,val6,3519
125612,val7,2124
125612,val8,375
125612,val1,3558
125612,val2,5396
125612,val3,621
125612,val4,568
125612,val5,775
125612,val6,3708
125612,val7,2392
125612,val8,403
124940,val1,8324
124940,val2,14480
124940,val3,840
124940,val4,834
124940,val5,1388
124940,val6,13786
124940,val7,7736
124940,val8,662
124940,val1,6952
124940,val2,11469
124940,val3,909
124940,val4,779
124940,val5,1229
124940,val6,7431
124940,val7,4292
124940,val8,646
124940,val1,2823
124940,val2,4955
124940,val3,552
124940,val4,503
124940,val5,622
124940,val6,3579
124940,val7,1966
124940,val8,348
124940,val1,63840
124940,val2,102620
124940,val3,1382
124940,val4,1229
124940,val5,1871
124940,val6,32470
124940,val7,16480
124940,val8,760
124940,val1,11608
124940,val2,15323
124940,val3,985
124940,val4,705
124940,val5,940
124940,val6,8419
124940,val7,5840
124940,val8,594
124940,val1,58304
124940,val2,80871
124940,val3,884
124940,val4,715
124940,val5,1034
124940,val6,2289
124940,val7,1408
124940,val8,340
124940,val1,4762
124940,val2,8303
124940,val3,842
124940,val4,725
124940,val5,1014
124940,val6,6086
124940,val7,3494
124940,val8,569
124940,val1,6150
124940,val2,10217
124940,val3,750
124940,val4,676
124940,val5,969
124940,val6,6253
124940,val7,3742
124940,val8,445
124940,val1,4644
124940,val2,8178
124940,val3,768
124940,val4,683
124940,val5,1000
124940,val6,5651
124940,val7,3144
124940,val8,506
124940,val1,22464
124940,val2,29650
124940,val3,1029
124940,val4,934
124940,val5,1408
124940,val6,9376
124940,val7,6864
124940,val8,546
124940,val1,3754
124940,val2,6295
124940,val3,791
124940,val4,730
124940,val5,1072
124940,val6,4343
124940,val7,2590
124940,val8,482
124940,val1,4452
124940,val2,7998
124940,val3,666
124940,val4,658
124940,val5,948
124940,val6,7037
124940,val7,3768
124940,val8,397
124940,val1,3576
124940,val2,5525
124940,val3,664
124940,val4,618
124940,val5,870
124940,val6,4229
124940,val7,2672
124940,val8,403
124940,val1,3028
124940,val2,4794
124940,val3,579
124940,val4,548
124940,val5,740
124940,val6,3574
124940,val7,2184
124940,val8,349
124940,val1,4022
124940,val2,6503
124940,val3,647
124940,val4,616
124940,val5,995
124940,val6,5416
124940,val7,3312
124940,val8,423
124940,val1,52736
124940,val2,73584
124940,val3,1635
124940,val4,1622
124940,val5,2824
124940,val6,18580
124940,val7,10144
124940,val8,876
124940,val1,47376
124940,val2,70212
124940,val3,1557
124940,val4,1426
124940,val5,2051
124940,val6,22710
124940,val7,13344
124940,val8,697
123047,val1,3234
123047,val2,5113
123047,val3,756
123047,val4,724
123047,val5,937
123047,val6,3476
123047,val7,2174
123047,val8,347
123047,val1,3322
123047,val2,5553
123047,val3,702
123047,val4,656
123047,val5,863
123047,val6,3484
123047,val7,1968
123047,val8,328
123047,val1,6768
123047,val2,11525
123047,val3,768
123047,val4,672
123047,val5,930
123047,val6,7048
123047,val7,4012
123047,val8,408
123047,val1,11304
123047,val2,20647
123047,val3,1141
123047,val4,1065
123047,val5,1874
123047,val6,14792
123047,val7,7800
123047,val8,732
123047,val1,13544
123047,val2,18474
123047,val3,759
123047,val4,733
123047,val5,1082
123047,val6,7326
123047,val7,4120
123047,val8,408
123047,val1,3418
123047,val2,5659
123047,val3,581
123047,val4,546
123047,val5,770
123047,val6,4491
123047,val7,2620
123047,val8,327
123047,val1,3662
123047,val2,6476
123047,val3,560
123047,val4,522
123047,val5,677
123047,val6,4930
123047,val7,2660
123047,val8,319
123047,val1,56672
123047,val2,104966
123047,val3,2579
123047,val4,1334
123047,val5,1850
123047,val6,78678
123047,val7,37408
123047,val8,1831
123047,val1,3294
123047,val2,5499
123047,val3,526
123047,val4,488
123047,val5,599
123047,val6,4658
123047,val7,2710
123047,val8,305
121540,val1,3110
121540,val2,5405
121540,val3,732
121540,val4,712
121540,val5,892
121540,val6,4605
121540,val7,2540
121540,val8,342
121540,val1,3806
121540,val2,6486
121540,val3,722
121540,val4,658
121540,val5,880
121540,val6,4955
121540,val7,2772
121540,val8,361
120050,val1,3776
120050,val2,6736
120050,val3,577
120050,val4,529
120050,val5,719
120050,val6,4846
120050,val7,2614
120050,val8,371
120050,val1,39040
120050,val2,55633
120050,val3,1684
120050,val4,1183
120050,val5,2123
120050,val6,32021
120050,val7,19712
120050,val8,1101
120050,val1,4032
120050,val2,7278
120050,val3,684
120050,val4,607
120050,val5,848
120050,val6,4935
120050,val7,2644
120050,val8,432
120050,val1,21248
120050,val2,34095
120050,val3,1049
120050,val4,918
120050,val5,1438
120050,val6,11280
120050,val7,6664
120050,val8,536
119198,val1,4344
119198,val2,8025
119198,val3,692
119198,val4,626
119198,val5,872
119198,val6,4911
119198,val7,2528
119198,val8,367
119198,val1,2718
119198,val2,4698
119198,val3,566
119198,val4,528
119198,val5,663
119198,val6,3601
119198,val7,1992
119198,val8,306
119198,val1,3024
119198,val2,5630
119198,val3,596
119198,val4,560
119198,val5,721
119198,val6,4114
119198,val7,2098
119198,val8,341
119198,val1,10152
119198,val2,17099
119198,val3,1636
119198,val4,1599
119198,val5,2755
119198,val6,15382
119198,val7,8980
119198,val8,1613
119198,val1,4708
119198,val2,8090
119198,val3,678
119198,val4,594
119198,val5,889
119198,val6,4664
119198,val7,2690
119198,val8,390
119198,val1,2772
119198,val2,4642
119198,val3,526
119198,val4,479
119198,val5,604
119198,val6,3353
119198,val7,1943
119198,val8,305
119198,val1,2812
119198,val2,4954
119198,val3,536
119198,val4,485
119198,val5,672
119198,val6,3382
119198,val7,1853
119198,val8,323
119198,val1,6460
119198,val2,11373
119198,val3,823
119198,val4,706
119198,val5,1197
119198,val6,6279
119198,val7,3612
119198,val8,505
117764,val1,18056
117764,val2,32576
117764,val3,1062
117764,val4,875
117764,val5,1389
117764,val6,26514
117764,val7,14728
117764,val8,701
117764,val1,5016
117764,val2,8745
117764,val3,679
117764,val4,569
117764,val5,966
117764,val6,5904
117764,val7,3322
117764,val8,488
117764,val1,3528
117764,val2,6181
117764,val3,470
117764,val4,415
117764,val5,583
117764,val6,4249
117764,val7,2352
117764,val8,322
117764,val1,6444
117764,val2,11509
117764,val3,734
117764,val4,625
117764,val5,1157
117764,val6,7910
117764,val7,4136
117764,val8,512
117764,val1,4458
117764,val2,7753
117764,val3,491
117764,val4,432
117764,val5,676
117764,val6,5493
117764,val7,3106
117764,val8,340
117764,val1,12540
117764,val2,19301
117764,val3,344
117764,val4,322
117764,val5,396
117764,val6,16914
117764,val7,11008
117764,val8,289
117764,val1,4362
117764,val2,7378
117764,val3,604
117764,val4,509
117764,val5,767
117764,val6,5681
117764,val7,3216
117764,val8,469
117764,val1,38960
117764,val2,65149
117764,val3,2298
117764,val4,1702
117764,val5,3000
117764,val6,57722
117764,val7,34368
117764,val8,1978
117764,val1,3144
117764,val2,5067
117764,val3,392
117764,val4,356
117764,val5,507
117764,val6,3586
117764,val7,2148
117764,val8,271
117764,val1,4336
117764,val2,7705
117764,val3,574
117764,val4,484
117764,val5,847
117764,val6,5156
117764,val7,2752
117764,val8,403
117764,val1,81856
117764,val2,124753
117764,val3,3000
117764,val4,1637
117764,val5,2718
117764,val6,52477
117764,val7,27392
117764,val8,1756
116435,val1,5728
116435,val2,10164
116435,val3,676
116435,val4,587
116435,val5,1049
116435,val6,6890
116435,val7,3714
116435,val8,475
116435,val1,5490
116435,val2,9518
116435,val3,647
116435,val4,555
116435,val5,847
116435,val6,6549
116435,val7,3716
116435,val8,476
116435,val1,23832
116435,val2,42313
116435,val3,1701
116435,val4,1570
116435,val5,2838
116435,val6,37816
116435,val7,21352
116435,val8,1578
116435,val1,18552
116435,val2,25542
116435,val3,1005
116435,val4,676
116435,val5,1021
116435,val6,15973
116435,val7,10584
116435,val8,676
116435,val1,4132
116435,val2,7165
116435,val3,552
116435,val4,495
116435,val5,713
116435,val6,4908
116435,val7,2754
116435,val8,398
116435,val1,4910
116435,val2,9209
116435,val3,625
116435,val4,561
116435,val5,869
116435,val6,5768
116435,val7,2812
116435,val8,411
116435,val1,4202
116435,val2,7633
116435,val3,562
116435,val4,481
116435,val5,730
116435,val6,6173
116435,val7,3298
116435,val8,428
116091,val1,5976
116091,val2,10441
116091,val3,689
116091,val4,544
116091,val5,833
116091,val6,7055
116091,val7,4046
116091,val8,487
116091,val1,5206
116091,val2,8962
116091,val3,565
116091,val4,492
116091,val5,878
116091,val6,6461
116091,val7,3708
116091,val8,414
116091,val1,6984
116091,val2,12066
116091,val3,780
116091,val4,631
116091,val5,1116
116091,val6,8188
116091,val7,4776
116091,val8,570
116091,val1,6000
116091,val2,10300
116091,val3,577
116091,val4,539
116091,val5,886
116091,val6,7886
116091,val7,4454
116091,val8,429
116091,val1,3332
116091,val2,5797
116091,val3,463
116091,val4,406
116091,val5,552
116091,val6,4347
116091,val7,2330
116091,val8,341
116091,val1,9232
116091,val2,16811
116091,val3,908
116091,val4,861
116091,val5,1967
116091,val6,12996
116091,val7,7200
116091,val8,843
115893,val1,5212
115893,val2,9035
115893,val3,736
115893,val4,642
115893,val5,1005
115893,val6,6258
115893,val7,3608
115893,val8,597
115893,val1,24264
115893,val2,51899
115893,val3,1599
115893,val4,1485
115893,val5,3153
115893,val6,48466
115893,val7,21928
115893,val8,1392
115368,val1,4280
115368,val2,7594
115368,val3,624
115368,val4,555
115368,val5,771
115368,val6,4632
115368,val7,2530
115368,val8,497
115368,val1,6692
115368,val2,11859
115368,val3,905
115368,val4,742
115368,val5,1165
115368,val6,8391
115368,val7,4692
115368,val8,737
115368,val1,5594
115368,val2,9586
115368,val3,739
115368,val4,670
115368,val5,1048
115368,val6,5732
115368,val7,3256
115368,val8,555
115368,val1,11336
115368,val2,15350
115368,val3,583
115368,val4,547
115368,val5,724
115368,val6,13876
115368,val7,10160
115368,val8,484
113028,val1,5582
113028,val2,9903
113028,val3,708
113028,val4,620
113028,val5,923
113028,val6,6315
113028,val7,3422
113028,val8,557
113028,val1,28352
113028,val2,55202
113028,val3,1476
113028,val4,1242
113028,val5,1990
113028,val6,47899
113028,val7,24512
113028,val8,1185
113028,val1,17912
113028,val2,34774
113028,val3,2750
113028,val4,2567
113028,val5,6591
113028,val6,21009
113028,val7,11408
113028,val8,2256
113028,val1,35360
113028,val2,45260
113028,val3,339
113028,val4,325
113028,val5,477
113028,val6,9105
113028,val7,5472
113028,val8,156
113028,val1,9084
113028,val2,15194
113028,val3,962
113028,val4,916
113028,val5,1897
113028,val6,11853
113028,val7,7024
113028,val8,758
113028,val1,6880
113028,val2,11736
113028,val3,671
113028,val4,639
113028,val5,889
113028,val6,9389
113028,val7,5232
113028,val8,556
111620,val1,12824
111620,val2,18929
111620,val3,830
111620,val4,623
111620,val5,864
111620,val6,15678
111620,val7,10968
111620,val8,705
111620,val1,6596
111620,val2,9835
111620,val3,564
111620,val4,526
111620,val5,678
111620,val6,8242
111620,val7,5352
111620,val8,456
111620,val1,7492
111620,val2,12414
111620,val3,838
111620,val4,713
111620,val5,1274
111620,val6,8452
111620,val7,5024
111620,val8,670
111620,val1,44288
111620,val2,60918
111620,val3,1215
111620,val4,1105
111620,val5,1746
111620,val6,22130
111620,val7,14224
111620,val8,814
111620,val1,105632
111620,val2,147918
111620,val3,3984
111620,val4,2254
111620,val5,3391
111620,val6,48575
111620,val7,27328
111620,val8,1936
111620,val1,128064
111620,val2,251269
111620,val3,1539
111620,val4,1408
111620,val5,2506
111620,val6,84046
111620,val7,32384
111620,val8,985
109670,val1,5994
109670,val2,9970
109670,val3,964
109670,val4,838
109670,val5,1254
109670,val6,6896
109670,val7,3998
109670,val8,683
109670,val1,6172
109670,val2,10417
109670,val3,718
109670,val4,684
109670,val5,906
109670,val6,7692
109670,val7,4234
109670,val8,508
109670,val1,4986
109670,val2,8198
109670,val3,662
109670,val4,614
109670,val5,788
109670,val6,5685
109670,val7,3230
109670,val8,469
109670,val1,6668
109670,val2,10701
109670,val3,669
109670,val4,642
109670,val5,943
109670,val6,7956
109670,val7,4696
109670,val8,492
109670,val1,5298
109670,val2,8875
109670,val3,657
109670,val4,575
109670,val5,874
109670,val6,5640
109670,val7,3206
109670,val8,471
109670,val1,35008
109670,val2,45508
109670,val3,621
109670,val4,597
109670,val5,768
109670,val6,8149
109670,val7,4864
109670,val8,389
109670,val1,5402
109670,val2,8891
109670,val3,700
109670,val4,633
109670,val5,1078
109670,val6,6733
109670,val7,3992
109670,val8,514
109670,val1,9880
109670,val2,12695
109670,val3,524
109670,val4,497
109670,val5,658
109670,val6,7072
109670,val7,4732
109670,val8,382
109670,val1,3334
109670,val2,5953
109670,val3,584
109670,val4,565
109670,val5,842
109670,val6,4954
109670,val7,2604
109670,val8,440
109670,val1,3130
109670,val2,5313
109670,val3,522
109670,val4,495
109670,val5,616
109670,val6,3821
109670,val7,2112
109670,val8,385
109670,val1,32208
109670,val2,55696
109670,val3,1933
109670,val4,1367
109670,val5,2123
109670,val6,43980
109670,val7,24720
109670,val8,1568
109670,val1,20920
109670,val2,26026
109670,val3,705
109670,val4,642
109670,val5,913
109670,val6,13546
109670,val7,9768
109670,val8,538
109670,val1,3884
109670,val2,6406
109670,val3,518
109670,val4,483
109670,val5,597
109670,val6,4747
109670,val7,2686
109670,val8,392
107907,val1,4240
107907,val2,7057
107907,val3,601
107907,val4,542
107907,val5,730
107907,val6,5026
107907,val7,2868
107907,val8,461
107907,val1,3544
107907,val2,6156
107907,val3,509
107907,val4,482
107907,val5,701
107907,val6,5011
107907,val7,2746
107907,val8,387
107907,val1,3286
107907,val2,6276
107907,val3,504
107907,val4,458
107907,val5,633
107907,val6,4010
107907,val7,2162
107907,val8,376
107907,val1,71360
107907,val2,110172
107907,val3,1784
107907,val4,1732
107907,val5,3383
107907,val6,47977
107907,val7,25888
107907,val8,1103
107907,val1,3824
107907,val2,6333
107907,val3,666
107907,val4,627
107907,val5,822
107907,val6,4447
107907,val7,2604
107907,val8,462
107907,val1,6360
107907,val2,11079
107907,val3,715
107907,val4,631
107907,val5,1028
107907,val6,6661
107907,val7,3864
107907,val8,505
107907,val1,3714
107907,val2,6385
107907,val3,537
107907,val4,481
107907,val5,645
107907,val6,4441
107907,val7,2512
107907,val8,395
107907,val1,46192
107907,val2,80227
107907,val3,1364
107907,val4,1096
107907,val5,1697
107907,val6,32842
107907,val7,16960
107907,val8,762
107907,val1,39568
107907,val2,47128
107907,val3,741
107907,val4,652
107907,val5,957
107907,val6,22022
107907,val7,16096
107907,val8,519
107907,val1,70912
107907,val2,94172
107907,val3,1374
107907,val4,1106
107907,val5,1267
107907,val6,42338
107907,val7,27232
107907,val8,788
107907,val1,4552
107907,val2,7253
107907,val3,471
107907,val4,444
107907,val5,569
107907,val6,4440
107907,val7,2664
107907,val8,316
107907,val1,4390
107907,val2,7004
107907,val3,484
107907,val4,453
107907,val5,602
107907,val6,4607
107907,val7,2862
107907,val8,347
107907,val1,4770
107907,val2,7716
107907,val3,494
107907,val4,455
107907,val5,632
107907,val6,5040
107907,val7,3114
107907,val8,344
106928,val1,2970
106928,val2,4649
106928,val3,421
106928,val4,390
106928,val5,544
106928,val6,3346
106928,val7,2044
106928,val8,301
106928,val1,34192
106928,val2,42092
106928,val3,338
106928,val4,322
106928,val5,389
106928,val6,22907
106928,val7,16464
106928,val8,230
106928,val1,5302
106928,val2,8769
106928,val3,624
106928,val4,566
106928,val5,979
106928,val6,6021
106928,val7,3606
106928,val8,441
106928,val1,5560
106928,val2,9301
106928,val3,642
106928,val4,586
106928,val5,984
106928,val6,6600
106928,val7,3916
106928,val8,463
106928,val1,4406
106928,val2,6769
106928,val3,477
106928,val4,433
106928,val5,571
106928,val6,4550
106928,val7,2830
106928,val8,335
106928,val1,5290
106928,val2,8132
106928,val3,612
106928,val4,570
106928,val5,857
106928,val6,6032
106928,val7,3794
106928,val8,454
104070,val1,3696
104070,val2,5824
104070,val3,517
104070,val4,474
104070,val5,742
104070,val6,4166
104070,val7,2650
104070,val8,391
104070,val1,6030
104070,val2,9579
104070,val3,735
104070,val4,659
104070,val5,1448
104070,val6,6956
104070,val7,4418
104070,val8,572
104070,val1,49632
104070,val2,1110282
104070,val3,1653
104070,val4,1480
104070,val5,2567
104070,val6,1107833
104070,val7,48368
104070,val8,1513
104070,val1,9120
104070,val2,14759
104070,val3,951
104070,val4,937
104070,val5,1290
104070,val6,13246
104070,val7,8004
104070,val8,924
104070,val1,1874
104070,val2,2474
104070,val3,25
104070,val4,25
104070,val5,31
104070,val6,1483
104070,val7,1062
104070,val8,15
102112,val1,4122
102112,val2,7073
102112,val3,466
102112,val4,455
102112,val5,609
102112,val6,5827
102112,val7,3302
102112,val8,361
102112,val1,5080
102112,val2,8238
102112,val3,523
102112,val4,505
102112,val5,727
102112,val6,6630
102112,val7,3892
102112,val8,403
102112,val1,4068
102112,val2,7333
102112,val3,538
102112,val4,513
102112,val5,934
102112,val6,5914
102112,val7,3198
102112,val8,402
102112,val1,3272
102112,val2,6079
102112,val3,463
102112,val4,446
102112,val5,653
102112,val6,5079
102112,val7,2644
102112,val8,357
102112,val1,238
102112,val2,570
102112,val3,143
102112,val4,142
102112,val5,834
102112,val6,567
102112,val7,236
102112,val8,99
102112,val1,3358
102112,val2,5900
102112,val3,541
102112,val4,507
102112,val5,4550
102112,val6,4650
102112,val7,2800
102112,val8,344
102112,val1,6400
102112,val2,11941
102112,val3,735
102112,val4,726
102112,val5,8415
102112,val6,10987
102112,val7,5916
102112,val8,628
102112,val1,6876
102112,val2,10885
102112,val3,282
102112,val4,245
102112,val5,337
102112,val6,9403
102112,val7,5752
102112,val8,259
100732,val1,391
100732,val2,746
100732,val3,131
100732,val4,130
100732,val5,766
100732,val6,723
100732,val7,380
100732,val8,93
100732,val1,10844
100732,val2,22468
100732,val3,1409
100732,val4,1339
100732,val5,11064
100732,val6,18310
100732,val7,8848
100732,val8,1086
100732,val1,5132
100732,val2,9067
100732,val3,398
100732,val4,398
100732,val5,1690
100732,val6,9065
100732,val7,5132
100732,val8,393
100732,val1,3772
100732,val2,6971
100732,val3,144
100732,val4,144
100732,val5,1033
100732,val6,6932
100732,val7,3758
100732,val8,140
100732,val1,2933
100732,val2,5144
100732,val3,24
100732,val4,23
100732,val5,26
100732,val6,3972
100732,val7,2012
100732,val8,19
100732,val1,4094
100732,val2,7469
100732,val3,206
100732,val4,203
100732,val5,1420
100732,val6,7451
100732,val7,4088
100732,val8,200
100732,val1,452
100732,val2,726
100732,val3,186
100732,val4,184
100732,val5,889
100732,val6,721
100732,val7,450
100732,val8,114
100732,val1,11420
100732,val2,23855
100732,val3,1411
100732,val4,1342
100732,val5,8049
100732,val6,16634
100732,val7,8032
100732,val8,865
100732,val1,5704
100732,val2,10510
100732,val3,452
100732,val4,450
100732,val5,2895
100732,val6,9348
100732,val7,5388
100732,val8,361
100732,val1,7192
100732,val2,12811
100732,val3,587
100732,val4,554
100732,val5,3941
100732,val6,11519
100732,val7,6616
100732,val8,472
100732,val1,9604
100732,val2,16557
100732,val3,1061
100732,val4,1037
100732,val5,9614
100732,val6,13618
100732,val7,7984
100732,val8,705
100732,val1,122944
100732,val2,457509
100732,val3,1373
100732,val4,1268
100732,val5,2106
100732,val6,72846
100732,val7,13184
100732,val8,475
98195,val1,5730
98195,val2,10083
98195,val3,103
98195,val4,71
98195,val5,97
98195,val6,8964
98195,val7,4830
98195,val8,92
98195,val1,4898
98195,val2,7960
98195,val3,560
98195,val4,528
98195,val5,719
98195,val6,6380
98195,val7,3730
98195,val8,363
98195,val1,4118
98195,val2,7355
98195,val3,546
98195,val4,526
98195,val5,675
98195,val6,6423
98195,val7,3466
98195,val8,379
98195,val1,1845
98195,val2,2670
98195,val3,9
98195,val4,9
98195,val5,9
98195,val6,1614
98195,val7,1008
98195,val8,9
98195,val1,34480
98195,val2,191207
98195,val3,1591
98195,val4,1156
98195,val5,1926
98195,val6,184270
98195,val7,30720
98195,val8,1292
96749,val1,5338
96749,val2,9940
96749,val3,589
96749,val4,556
96749,val5,715
96749,val6,8146
96749,val7,3920
96749,val8,363
96749,val1,5312
96749,val2,9411
96749,val3,603
96749,val4,582
96749,val5,795
96749,val6,7034
96749,val7,3588
96749,val8,345
96749,val1,4412
96749,val2,8070
96749,val3,711
96749,val4,678
96749,val5,926
96749,val6,6937
96749,val7,3478
96749,val8,346
96749,val1,98816
96749,val2,125026
96749,val3,11452
96749,val4,11328
96749,val5,18115
96749,val6,16682
96749,val7,10336
96749,val8,1356
96749,val1,7220
96749,val2,12735
96749,val3,2348
96749,val4,2300
96749,val5,3311
96749,val6,9837
96749,val7,5296
96749,val8,642
96749,val1,14320
96749,val2,21958
96749,val3,1850
96749,val4,1819
96749,val5,2170
96749,val6,9579
96749,val7,4664
96749,val8,413
93684,val1,27056
93684,val2,162816
93684,val3,2299
93684,val4,2127
93684,val5,2737
93684,val6,160270
93684,val7,25424
93684,val8,1146
93577,val1,20528
93577,val2,33000
93577,val3,1876
93577,val4,1800
93577,val5,2654
93577,val6,14636
93577,val7,7632
93577,val8,656
93470,val1,6416
93470,val2,11459
93470,val3,1362
93470,val4,1313
93470,val5,1652
93470,val6,9122
93470,val7,4716
93470,val8,497
93363,val1,5786
93363,val2,10634
93363,val3,1237
93363,val4,1218
93363,val5,1526
93363,val6,9103
93363,val7,4764
93363,val8,483
93256,val1,5878
93256,val2,10508
93256,val3,1132
93256,val4,1087
93256,val5,1380
93256,val6,8471
93256,val7,4528
93256,val8,446
93149,val1,9528
93149,val2,16535
93149,val3,1383
93149,val4,1288
93149,val5,1834
93149,val6,11276
93149,val7,6260
93149,val8,630
93042,val1,8500
93042,val2,14157
93042,val3,1095
93042,val4,1029
93042,val5,1422
93042,val6,9670
93042,val7,5640
93042,val8,465
92935,val1,3796
92935,val2,6737
92935,val3,949
92935,val4,940
92935,val5,1192
92935,val6,5249
92935,val7,2694
92935,val8,398
92828,val1,28128
92828,val2,42940
92828,val3,2283
92828,val4,2190
92828,val5,3400
92828,val6,9183
92828,val7,4560
92828,val8,621
92721,val1,7228
92721,val2,12627
92721,val3,1239
92721,val4,1189
92721,val5,1612
92721,val6,9781
92721,val7,5348
92721,val8,606
92614,val1,5290
92614,val2,9100
92614,val3,1053
92614,val4,994
92614,val5,1326
92614,val6,6285
92614,val7,3578
92614,val8,441
92507,val1,55520
92507,val2,665792
92507,val3,4544
92507,val4,3586
92507,val5,6624
92507,val6,648611
92507,val7,47488
92507,val8,3430
92400,val1,5880
92400,val2,10115
92400,val3,1291
92400,val4,1264
92400,val5,1878
92400,val6,8536
92400,val7,4884
92400,val8,706
92293,val1,10040
92293,val2,17029
92293,val3,1429
92293,val4,1346
92293,val5,2022
92293,val6,11744
92293,val7,6964
92293,val8,742
92186,val1,153536
92186,val2,497910
92186,val3,1713
92186,val4,1633
92186,val5,2493
92186,val6,8907
92186,val7,5696
92186,val8,593
92079,val1,158208
92079,val2,453213
92079,val3,2482
92079,val4,2319
92079,val5,3412
92079,val6,81938
92079,val7,20608
92079,val8,1034
91972,val1,6484
91972,val2,10832
91972,val3,1166
91972,val4,1115
91972,val5,1441
91972,val6,7316
91972,val7,4280
91972,val8,583
91865,val1,4840
91865,val2,7466
91865,val3,949
91865,val4,923
91865,val5,1116
91865,val6,5362
91865,val7,3370
91865,val8,447
91758,val1,15880
91758,val2,51571
91758,val3,1188
91758,val4,1071
91758,val5,1410
91758,val6,47976
91758,val7,13560
91758,val8,677
91651,val1,15288
91651,val2,31467
91651,val3,1573
91651,val4,1401
91651,val5,2110
91651,val6,28247
91651,val7,13312
91651,val8,1052
91544,val1,9528
91544,val2,16779
91544,val3,1245
91544,val4,1175
91544,val5,1725
91544,val6,11885
91544,val7,6672
91544,val8,729
91437,val1,9356
91437,val2,14986
91437,val3,448
91437,val4,381
91437,val5,505
91437,val6,13919
91437,val7,8460
91437,val8,392
91330,val1,7732
91330,val2,13264
91330,val3,1066
91330,val4,1002
91330,val5,1336
91330,val6,8753
91330,val7,4880
91330,val8,570
91223,val1,5240
91223,val2,8893
91223,val3,857
91223,val4,837
91223,val5,1020
91223,val6,7420
91223,val7,4232
91223,val8,466
91116,val1,7132
91116,val2,12060
91116,val3,1004
91116,val4,944
91116,val5,1226
91116,val6,8294
91116,val7,4736
91116,val8,576
91009,val1,21928
91009,val2,39641
91009,val3,1512
91009,val4,1479
91009,val5,1837
91009,val6,6338
91009,val7,3672
91009,val8,497
86909,val1,5754
86909,val2,9238
86909,val3,1179
86909,val4,1143
86909,val5,1452
86909,val6,6101
86909,val7,3546
86909,val8,420
86909,val1,37088
86909,val2,10966
86909,val3,2728
86909,val4,2288
86909,val5,3183
86909,val6,66311
86909,val7,34352
86909,val8,2021
86909,val1,39600
86909,val2,7927
86909,val3,572
86909,val4,496
86909,val5,581
86909,val6,12522
86909,val7,8176
86909,val8,167
86909,val1,5536
86909,val2,8745
86909,val3,1141
86909,val4,1099
86909,val5,1461
86909,val6,5225
86909,val7,3098
86909,val8,483
86909,val1,6056
86909,val2,10325
86909,val3,1117
86909,val4,1078
86909,val5,1427
86909,val6,6823
86909,val7,3788
86909,val8,487
86909,val1,11484
86909,val2,20696
86909,val3,1762
86909,val4,1635
86909,val5,2741
86909,val6,8774
86909,val7,5124
86909,val8,722
86491,val1,4938
86491,val2,7910
86491,val3,66
86491,val4,63
86491,val5,70
86491,val6,6625
86491,val7,3804
86491,val8,59
86491,val1,66784
86491,val2,9456
86491,val3,2969
86491,val4,2833
86491,val5,3645
86491,val6,17809
86491,val7,11328
86491,val8,801
86491,val1,5526
86491,val2,8779
86491,val3,1096
86491,val4,1058
86491,val5,1399
86491,val6,5732
86491,val7,3412
86491,val8,453
86491,val1,5040
86491,val2,8367
86491,val3,1062
86491,val4,1023
86491,val5,1348
86491,val6,5485
86491,val7,3068
86491,val8,437
86491,val1,5168
86491,val2,8371
86491,val3,66
86491,val4,59
86491,val5,71
86491,val6,7041
86491,val7,3996
86491,val8,58
85979,val1,5034
85979,val2,8030
85979,val3,1020
85979,val4,993
85979,val5,1243
85979,val6,5340
85979,val7,3094
85979,val8,440
85979,val1,4908
85979,val2,7491
85979,val3,957
85979,val4,937
85979,val5,1153
85979,val6,4642
85979,val7,2842
85979,val8,393
85979,val1,9700
85979,val2,17442
85979,val3,1407
85979,val4,1271
85979,val5,2007
85979,val6,8872
85979,val7,4876
85979,val8,660
85979,val1,4800
85979,val2,7754
85979,val3,975
85979,val4,938
85979,val5,1278
85979,val6,4932
85979,val7,2820
85979,val8,432
85979,val1,5280
85979,val2,8703
85979,val3,951
85979,val4,911
85979,val5,1237
85979,val6,5757
85979,val7,3300
85979,val8,431
85979,val1,6184
85979,val2,10228
85979,val3,956
85979,val4,901
85979,val5,1140
85979,val6,6085
85979,val7,3502
85979,val8,437
85979,val1,45920
85979,val2,5808
85979,val3,753
85979,val4,655
85979,val5,763
85979,val6,15766
85979,val7,10720
85979,val8,220
85093,val1,8412
85093,val2,13960
85093,val3,1179
85093,val4,1111
85093,val5,1632
85093,val6,8632
85093,val7,5348
85093,val8,699
85093,val1,5400
85093,val2,9218
85093,val3,810
85093,val4,756
85093,val5,1003
85093,val6,5654
85093,val7,3230
85093,val8,422
85093,val1,4684
85093,val2,7536
85093,val3,733
85093,val4,708
85093,val5,985
85093,val6,4750
85093,val7,2876
85093,val8,392
81370,val1,3480
81370,val2,6229
81370,val3,537
81370,val4,508
81370,val5,687
81370,val6,3961
81370,val7,2104
81370,val8,301
81370,val1,3778
81370,val2,7216
81370,val3,625
81370,val4,572
81370,val5,795
81370,val6,4742
81370,val7,2388
81370,val8,363
81370,val1,4156
81370,val2,7564
81370,val3,626
81370,val4,574
81370,val5,832
81370,val6,4534
81370,val7,2452
81370,val8,370
81370,val1,4188
81370,val2,7292
81370,val3,564
81370,val4,524
81370,val5,743
81370,val6,3861
81370,val7,2200
81370,val8,316
